{
    "fid": {
        "full": 246.8992661676288,
        "swa": 388.87852498561443
    },
    "cmmd": {
        "clip": {
            "full": 0.2812194228172302,
            "swa": 0.44345635175704956
        },
        "siglip": {
            "full": 0.25273597240448,
            "swa": 0.3985597491264343
        },
        "align": {
            "full": 0.33260107040405273,
            "swa": 0.47345298528671265
        }
    }
}